id,location,products,groupement,subgroupement
29804035,"(47.7993, -0.721)","[18690, 20614, 72328, 71316, 78356, 64665, 48537, 70572, 66989, 68280, 19898, 61629, 10946, 10947, 59847, 59848, 70601, 3530, 10957, 10958, 3450, 48859, 59873, 59874, 62707, 11766, 63480, 63481, 63482]",NATIONAL CUSTOMER,NEODIF
29379593,"(46.3728, -0.4721)","[77313, 18690, 17028, 20614, 72328, 3337, 3338, 63627, 71316, 71317, 77589, 48537, 77721, 63908, 21416, 3372, 66989, 57005, 70572, 80176, 15793, 66738, 11574, 33335, 19898, 61629, 10946, 10947, 59847, 59848, 70601, 3530, 37961, 10957, 76623, 63311, 29777, 3410, 10965, 63445, 74582, 64601, 5983, 59873, 59874, 60387, 30822, 54632, 67049, 43113, 54639, 10611, 62707, 9974, 11766, 63480, 63481, 3450, 6013]",DISTRIBOISSONS,LA ROCHELLE BOISSONS
29379089,"(43.1619, -0.9016)","[59873, 10946, 59874, 54632, 6013, 29777, 66738, 70579, 62706, 10965, 11574, 19898, 55357]",C10,PINQUE
29379604,"(45.2397, 4.6707)","[81408, 77313, 18690, 81410, 17028, 20614, 72328, 3337, 3338, 18827, 75534, 69265, 71316, 71317, 78356, 77589, 48537, 64665, 77721, 80417, 3372, 66989, 70572, 15793, 79923, 70579, 11574, 33335, 19898, 61629, 53566, 10946, 10947, 70601, 3530, 10957, 63311, 76623, 3411, 10965, 74582, 54232, 64601, 48859, 59873, 59874, 74342, 54632, 43113, 62706, 10611, 62707, 11766, 9974, 63480, 63481, 65660, 6013]",DISTRIBOISSONS,ANNONAY BOISSONS
29379608,"(44.662, 1.4835)","[77313, 60036, 20614, 3337, 69265, 78355, 71317, 66839, 48537, 3372, 57005, 66989, 70579, 11574, 19898, 61629, 10946, 10947, 59847, 59848, 70601, 10957, 63311, 10965, 54232, 59874, 74342, 54632, 78313, 67049, 43113, 62706, 10611, 62707, 9974, 11766, 65660, 6013]",INDEPENDANTS,DEVIERS FRESQUET BOISSONS
29379609,"(44.3993, 0.5912)","[77313, 18690, 17028, 58245, 20614, 72328, 3337, 3338, 63627, 18827, 75534, 69265, 71316, 71317, 59286, 77589, 66839, 48537, 77721, 64665, 80417, 3372, 66989, 57005, 70572, 15793, 66738, 70579, 11574, 33335, 15800, 19898, 61629, 53566, 10946, 10947, 59847, 70601, 3530, 10957, 63311, 76623, 3410, 10965, 74582, 74583, 54232, 59873, 59874, 54632, 43113, 65642, 54639, 62706, 62707, 9974, 11766, 63480, 65660, 6013]",C10,MOLINIE BOISSONS
29379610,"(47.3556, -0.8589)","[81408, 77313, 18690, 81410, 17028, 58245, 20614, 72328, 3337, 3338, 63627, 18827, 69265, 71316, 71317, 77589, 78356, 66839, 48537, 64665, 77721, 80417, 3372, 66989, 57005, 70572, 80176, 15793, 66738, 70579, 11574, 33335, 19898, 61629, 53566, 39616, 10946, 10947, 59848, 70601, 3530, 37961, 70605, 10957, 63311, 76623, 29777, 3410, 3411, 10965, 5983, 60387, 30822, 74342, 67049, 65642, 43113, 15985, 62706, 10611, 62707, 11766, 9974, 63480, 63481, 65660, 6013]",C10,ETS PLUMEJEAU
29379611,"(48.7167, -1.5)","[81408, 77313, 18690, 81410, 60036, 75909, 20614, 3337, 3338, 71316, 71317, 48537, 77721, 59940, 59942, 77995, 3372, 66989, 57005, 70572, 80176, 15793, 66738, 70579, 63285, 11574, 33335, 19898, 61629, 10946, 10947, 59847, 59848, 37961, 70601, 10957, 70605, 63311, 76623, 3410, 10965, 74582, 54232, 5983, 30822, 74342, 54632, 43113, 15985, 62706, 10611, 62707, 9974, 65660, 6013]",C10,MALPLANCHE
29379612,"(49.0667, 3.9667)","[77313, 18690, 60036, 58245, 20614, 16519, 3337, 3338, 63627, 18827, 75534, 78355, 71316, 71317, 77589, 66839, 48537, 77721, 40093, 3372, 66989, 57005, 70572, 80176, 15793, 79923, 70579, 11574, 33335, 15800, 19898, 61629, 53566, 47934, 10946, 10947, 59847, 37961, 10957, 63311, 76623, 29777, 3410, 3411, 9937, 10965, 74583, 54232, 66780, 5983, 59873, 59874, 30822, 54632, 43113, 63466, 54639, 15985, 62706, 10611, 62707, 9974, 11766, 65660, 6013, 77311]",C10,DOQUET
29379613,"(49.25, 4.0333)","[77313, 18690, 17028, 58245, 20614, 16519, 72328, 3338, 63627, 18827, 64272, 78355, 71316, 77589, 71317, 66839, 59286, 77721, 48537, 64665, 16550, 77995, 3372, 66989, 57005, 80176, 15793, 62770, 79923, 70579, 11574, 33335, 15800, 19898, 61629, 55357, 53566, 47934, 10946, 10947, 59847, 59848, 70601, 37961, 10957, 76623, 63311, 3410, 3411, 10965, 74582, 74583, 54232, 64601, 66780, 5983, 59873, 59874, 60387, 72548, 30822, 54632, 43113, 67561, 67562, 67049, 63466, 54639, 62706, 62707, 10611, 11766, 9974, 63481, 63482, 6013]",C10,SOREDIS
29379101,"(47.8192, -0.2392)","[77313, 18690, 81410, 75909, 20614, 3337, 63627, 18827, 69265, 71316, 78356, 77589, 71317, 48537, 64665, 80417, 74529, 3372, 66989, 70572, 70579, 11574, 33335, 19898, 61629, 10946, 10947, 59847, 59848, 70601, 10957, 63311, 76623, 3410, 10965, 54232, 5983, 59873, 59874, 74342, 30822, 54632, 78313, 43113, 62706, 62707, 9974, 11766, 63481, 6013]",C10,STOKBOX
29379615,"(48.0667, -0.7667)","[77313, 18690, 60036, 17028, 20614, 72328, 3337, 63627, 18827, 75534, 71316, 77589, 71317, 50453, 66839, 48537, 64665, 3372, 57005, 66989, 70572, 80176, 66738, 79923, 70579, 11574, 33335, 19898, 61629, 53566, 10946, 10947, 76611, 59847, 59848, 70601, 10957, 10958, 76623, 67151, 29777, 3410, 10965, 54232, 5983, 59873, 59874, 72548, 54632, 43113, 62706, 10611, 62707, 11766, 9974, 6013]",INDEPENDANTS,OUEST BOISSONS
29607967,"(45.6679, 4.8963)","[77313, 20614, 3337, 3338, 63627, 18827, 71316, 71317, 77589, 77721, 3372, 70572, 15793, 11574, 33335, 19898, 61629, 10946, 10947, 59847, 59848, 37961, 10957, 76623, 3410, 3411, 10965, 63445, 54232, 60505, 64601, 5983, 59873, 59874, 72548, 30822, 54632, 43113, 62706, 62707, 9974, 11766, 6013]",FRANCE BOISSONS,France BOISSONS
29379618,"(43.6109, 3.8772)","[77313, 20614, 3337, 3338, 63627, 71316, 71317, 77589, 66839, 77721, 3372, 66989, 57005, 80176, 15793, 70579, 11574, 33335, 19898, 61629, 10946, 10947, 59847, 59848, 70601, 37961, 10957, 76623, 63311, 3410, 3411, 10965, 54232, 48859, 66780, 59873, 59874, 72548, 30822, 54632, 67049, 43113, 62706, 11766, 9974, 6013]",DISTRIBOISSONS,MONTANER
29379619,"(43.4018, 3.6966)","[77313, 20614, 3337, 3338, 18827, 77589, 71317, 3372, 70572, 11574, 33335, 15800, 10946, 10947, 10957, 76623, 3410, 3411, 10965, 54232, 59873, 59874, 43113, 62707, 11766, 9974, 6013]",C10,FOUILLADE LUCIEN
29379620,"(43.2698, 3.2234)","[77313, 17028, 20614, 3337, 3338, 63627, 18827, 78355, 71316, 71317, 77589, 66839, 48537, 77721, 63908, 77995, 3372, 57005, 66989, 70572, 80176, 15793, 66738, 3507, 70579, 11574, 33335, 15800, 19898, 61629, 47934, 10946, 10947, 59847, 59848, 37961, 10957, 76623, 63311, 3410, 10965, 63445, 54232, 59873, 59874, 60387, 72548, 30822, 54632, 67049, 43113, 54639, 62706, 62707, 11766, 9974, 65660, 6013]",C10,BOISSONS DISTRIBUTION
29379621,"(48.1211, -1.4597)","[77313, 20614, 3337, 63627, 77589, 71317, 3372, 66989, 57005, 80176, 79923, 11574, 33335, 19898, 10946, 10947, 59847, 59848, 37961, 10957, 76623, 63311, 29777, 3410, 63445, 10965, 54232, 5983, 59873, 59874, 72548, 54632, 67561, 43113, 10611, 62707, 11766, 9974, 6013]",FRANCE BOISSONS,France BOISSONS
29379622,"(47.8924, -1.991)","[77313, 18690, 20614, 3337, 63627, 71316, 71317, 48537, 64665, 3372, 66989, 57005, 80176, 66738, 11574, 33335, 19898, 61629, 53566, 10946, 10947, 59847, 59848, 70601, 3530, 10957, 3410, 10965, 63445, 54232, 64601, 5983, 59873, 59874, 54632, 11766, 9974, 63481, 3450, 6013]",C10,BARRE
29379623,"(47.069, 5.3713)","[81408, 77313, 18690, 81410, 17028, 20614, 16519, 3337, 18827, 78356, 77589, 71316, 48537, 64665, 3372, 66989, 70572, 57005, 66738, 11574, 33335, 19898, 61629, 53566, 10946, 10947, 70601, 3530, 70605, 3450, 10957, 10958, 29777, 10965, 48859, 5983, 72548, 30822, 74342, 62706, 10611, 62707, 11766, 63480, 63481, 63482, 6013]",INDEPENDANTS,STE D'EXP RAVONNEAUX
29379625,"(47.6089, 2.1729)","[81408, 77313, 81410, 46093, 78355, 78356, 76828, 80417, 33335, 58941, 37961, 29777, 64601, 30822, 74342, 43113, 15985, 65660, 17028, 60036, 20614, 75909, 72328, 16519, 63627, 69265, 71316, 71317, 64665, 40093, 77995, 57005, 66738, 68280, 61629, 39616, 10946, 10947, 10957, 10958, 9937, 9938, 10965, 62706, 62707, 9974, 18690, 3337, 3338, 77589, 66839, 74529, 3372, 80176, 11574, 47934, 53566, 76623, 63311, 3410, 74582, 74583, 5983, 72548, 54632, 45416, 54639, 10611, 6013, 18827, 59286, 48537, 48538, 77721, 63908, 21416, 70572, 66989, 15793, 70579, 3507, 19898, 59847, 59848, 70601, 3530, 54232, 59873, 59874, 60387, 67049, 78313, 67561, 11766, 63480, 63481]",C10,EURL BREGENT
29379626,"(45.4168, 4.312)","[77313, 18690, 17028, 20614, 16519, 3337, 3338, 82315, 18827, 63627, 64272, 71316, 71317, 77589, 78356, 66839, 48537, 64665, 77721, 76828, 59942, 77995, 3372, 66989, 57005, 70572, 15793, 66738, 79923, 70579, 3507, 11574, 33335, 19898, 61629, 53566, 10946, 10947, 59847, 59848, 70601, 3530, 37961, 10957, 10958, 76623, 63311, 29777, 3410, 10965, 63445, 54232, 64601, 6108, 5983, 59873, 59874, 72548, 74342, 30822, 45416, 43113, 63466, 62706, 10611, 62707, 11766, 9974, 63480, 63481, 63482, 6013]",DISTRIBOISSONS,ROUCHON SOUCHON
29379627,"(46.0, 4.0333)","[77313, 18690, 17028, 60036, 20614, 16519, 72328, 3337, 3338, 18827, 71316, 71317, 77589, 48537, 64665, 77721, 3372, 66989, 57005, 70572, 80176, 15793, 66738, 3507, 70579, 11574, 33335, 15800, 19898, 61629, 53566, 10946, 10947, 59847, 59848, 70601, 3530, 37961, 10957, 63311, 76623, 29777, 9938, 10965, 63445, 54232, 64601, 5983, 59873, 59874, 72548, 30822, 54632, 43113, 62706, 10611, 62707, 11766, 9974, 63480, 63481, 6013]",DISTRIBOISSONS,PAPUT BOISSONS
29379116,"(47.7528, 7.0925)","[77313, 18690, 17028, 58245, 20614, 72328, 3337, 3338, 63627, 78355, 71316, 71317, 78356, 77589, 66839, 64665, 48537, 77721, 76828, 59286, 40093, 3372, 66989, 57005, 70572, 15793, 79923, 70579, 11574, 33335, 19898, 61629, 47934, 53566, 10946, 10947, 59847, 59848, 70601, 37961, 10957, 63311, 76623, 9937, 3410, 3411, 9938, 10965, 63445, 54232, 66780, 59873, 59874, 60387, 72548, 74342, 67049, 43113, 54639, 62706, 10611, 62707, 11766, 9974, 63480, 63481]",DISTRIBOISSONS,ADAM
29379628,"(45.0503, 3.882)","[77313, 17028, 20614, 3337, 3338, 64272, 71316, 71317, 77589, 48537, 3372, 66989, 66738, 11574, 33335, 19898, 61629, 10946, 10947, 59847, 59848, 37961, 10957, 76623, 63311, 29777, 10965, 54232, 64601, 5983, 59873, 59874, 30822, 54632, 9974, 11766, 63480, 63481, 6013]",DISTRIBOISSONS,UDIVEL
29379632,"('nan', 'nan')","[18690, 20614, 16519, 3337, 69265, 71316, 71317, 64665, 16550, 3372, 66989, 57005, 80176, 11574, 33335, 19898, 61629, 10946, 10947, 59848, 70601, 63311, 29777, 3410, 48859, 5983, 62706, 62707, 10611, 11766, 63480, 63481]",INDEPENDANTS,FICHEL DISTRIBUTION
29379633,"(50.5833, 3.0667)","[77313, 58245, 20614, 16519, 3337, 3338, 63627, 77589, 71317, 66839, 48537, 77721, 64665, 40093, 63908, 16550, 21416, 3372, 66989, 57005, 80176, 15793, 66738, 70579, 11574, 33335, 19898, 61629, 53566, 39616, 10946, 10947, 59847, 59848, 37961, 10957, 10958, 63311, 76623, 29777, 3410, 3411, 10965, 54232, 48859, 66780, 5983, 59873, 59874, 60387, 30822, 54632, 67561, 67049, 43113, 54639, 62706, 62707, 10611, 9974, 6013]",C10,LAMBELIN  
29379635,"(50.7263, 2.6309)","[17028, 20614, 16519, 72328, 3337, 3338, 78355, 78356, 71317, 77589, 48537, 77721, 64665, 63908, 16550, 3372, 66989, 57005, 70572, 15793, 66738, 3507, 70579, 11574, 33335, 19898, 61629, 53566, 10946, 10947, 59848, 70601, 3530, 37961, 10957, 10958, 29777, 3410, 10965, 48859, 5983, 59873, 59874, 30822, 54632, 62706, 62707, 10611, 61684, 11766, 9974, 61685, 63481, 65660, 6013]",C10,ENTREPOTS DES FLANDRES
29379639,"(50.702, 2.7783)","[60036, 17028, 20614, 3337, 3338, 63627, 69265, 78355, 78356, 71317, 77589, 71316, 66839, 77721, 48537, 80417, 63908, 77995, 3372, 57005, 66989, 70572, 80176, 15793, 66738, 70579, 11574, 33335, 19898, 61629, 10946, 10947, 59847, 59848, 37961, 10957, 63311, 29777, 3410, 10965, 74583, 48859, 66780, 5983, 59873, 59874, 60387, 30822, 54632, 67049, 54639, 62707, 9974, 11766, 65660, 6013]",INDEPENDANTS,ETS PLOUVIER
29379641,"(50.466, 3.5001)","[77313, 60036, 20614, 16519, 72328, 3337, 3338, 63627, 75534, 69265, 78355, 71316, 71317, 79894, 66839, 77589, 77721, 48537, 76828, 80417, 63908, 77995, 3372, 66989, 57005, 70572, 80176, 15793, 66738, 3507, 62770, 70579, 11574, 33335, 61629, 47934, 53566, 10946, 10947, 59847, 59848, 37961, 70601, 10957, 76623, 63311, 29777, 3410, 3411, 10965, 74583, 54232, 48859, 5983, 59873, 59874, 60387, 30822, 54632, 43113, 63466, 65642, 67049, 54639, 62706, 10611, 62707, 11766, 9974, 65660, 6013]",DISTRIBOISSONS,COUPEZ JEAN
29379642,"(50.4888, 3.3513)","[16519, 3337, 71317, 16550, 3372, 57005, 11574, 33335, 10946, 10947, 59847, 59848, 37961, 29777, 3410, 3411, 10965, 54232, 48859, 59873, 59874, 30822, 54632, 54639, 62706, 62707, 65660, 6013]",INDEPENDANTS,LEFEBVRE ET FILS
29986364,"(48.6167, 1.9167)","[81408, 77313, 18690, 81410, 17028, 58245, 20614, 72326, 72328, 3337, 3338, 82315, 64272, 63479, 71316, 77589, 78356, 79894, 48537, 64665, 63482, 70572, 66989, 3372, 57005, 80176, 79923, 11574, 33335, 19898, 61629, 53566, 10946, 10947, 70601, 3530, 70605, 10958, 64590, 9937, 9938, 70225, 3410, 63445, 54232, 64601, 48859, 59873, 59874, 61943, 72548, 74342, 63466, 10611, 61684, 61685, 11766, 61687, 63480, 63481, 3450, 62707, 63478]",NATIONAL CUSTOMER,SAS FILL
29724733,"(45.8907, 6.0097)",[77311],INDEPENDANTS,
29379646,"(50.676, 2.8451)","[77313, 17028, 60036, 20614, 16519, 58245, 3337, 62474, 82315, 63627, 18827, 3338, 64272, 78356, 71316, 77589, 71317, 66839, 48537, 77721, 40093, 74529, 63908, 58277, 16550, 59942, 21416, 77995, 70572, 66989, 3372, 57005, 80176, 15793, 66738, 11574, 33335, 19898, 61629, 53566, 10946, 10947, 59847, 59848, 70601, 3530, 37961, 10957, 10958, 63311, 76623, 70225, 3410, 3411, 29777, 10965, 74582, 48859, 66780, 5983, 59873, 59874, 60387, 72548, 30822, 54632, 43113, 67562, 54639, 62706, 10611, 62707, 11766, 9974, 63481, 65660]",C10,VANDENDRIESSCHE
29750335,"(46.2542, -1.0267)","[81408, 81410, 17028, 20614, 72328, 71316, 78356, 64665, 48537, 66989, 33335, 19898, 61629, 53566, 10946, 10947, 59847, 59848, 70601, 3530, 70605, 59873, 59874, 74342, 65643, 10611, 62707, 11766, 63480, 63481]",NATIONAL CUSTOMER,POLE CERVOISERIE
29379650,"(50.2771, 3.7939)","[18690, 20614, 16519, 3337, 3338, 71316, 71317, 66839, 48537, 48538, 16550, 3372, 57005, 66989, 70572, 80176, 70579, 11574, 33335, 61629, 10946, 10947, 59847, 59848, 10957, 10958, 3410, 10965, 48859, 5983, 59873, 59874, 62706, 62707, 11766, 9974, 65660, 6013]",C10,EXPLOITATION ETS POIRETTE
29379651,"(50.0566, 4.0745)","[81408, 77313, 78356, 80417, 33335, 37961, 67151, 29777, 70225, 30822, 74342, 43113, 65660, 17028, 60036, 20614, 16519, 72328, 69265, 71316, 71317, 64665, 40093, 16550, 57005, 66738, 61629, 10946, 10947, 10957, 10958, 9938, 10965, 48859, 66780, 62706, 62707, 9974, 61687, 18690, 3337, 3338, 64272, 77589, 66839, 3372, 80176, 11574, 53566, 47934, 76623, 63311, 3410, 3411, 5983, 72548, 54632, 54639, 69490, 10611, 3450, 6013, 58245, 18827, 48537, 77721, 63908, 70572, 66989, 15793, 3507, 70579, 19898, 59847, 59848, 70601, 3530, 70605, 54232, 6108, 59873, 59874, 11766, 63480, 63481]",C10,VIEVILLE SOGEDIB ETS VIEVILLE SARL
29839429,"(43.9483, 4.8089)","[77313, 75909, 20614, 3337, 3338, 63627, 18827, 71316, 71317, 59286, 77589, 77721, 76828, 59939, 59940, 59941, 3372, 57005, 66989, 15793, 66738, 79923, 70579, 11574, 19898, 61629, 10946, 10947, 59847, 59848, 10957, 76623, 10965, 63445, 54232, 64601, 5983, 59873, 59874, 60387, 30822, 78313, 54639, 62706, 10611, 9974, 11766, 65660, 6013]",C10,ROSSI
29379657,"(45.7, -0.2167)","[77313, 18690, 17028, 20614, 3337, 3338, 63627, 18827, 71316, 71317, 79894, 77589, 66839, 48537, 77721, 76828, 3372, 57005, 66989, 80176, 15793, 66738, 79923, 3507, 11574, 33335, 15800, 19898, 61629, 47934, 10946, 10947, 59847, 59848, 37961, 3530, 10957, 64590, 76623, 63311, 3410, 10965, 63445, 74583, 54232, 64601, 66780, 15710, 59873, 59874, 60387, 72548, 54632, 67561, 65642, 43113, 54639, 15985, 10611, 11766, 9974, 63480, 63481, 6013]",C10,LE BIHAN
29379658,"(45.7167, -0.3)","[81408, 77313, 18690, 60036, 17028, 20614, 72328, 3337, 3338, 63627, 75534, 69265, 78355, 78356, 71316, 71317, 77589, 76952, 77721, 48537, 64665, 80417, 59939, 21416, 3372, 57005, 66989, 70572, 20527, 15793, 66738, 80176, 53425, 63285, 11574, 33335, 70579, 19898, 61629, 53566, 10946, 10947, 59847, 59848, 37961, 70601, 72396, 10957, 63311, 76623, 29777, 9937, 10965, 74582, 63445, 74583, 54232, 72414, 5983, 59873, 59874, 60387, 74342, 30822, 54632, 67049, 72434, 10611, 62706, 62707, 9974, 11766, 63480, 63481, 65660, 6013]",DISTRIBOISSONS,GIE SELECTOR
29379661,"(47.0833, 2.4)","[81408, 77313, 18690, 81410, 17028, 75909, 20614, 3337, 3338, 63627, 18827, 71317, 77589, 59286, 66839, 77721, 48537, 3372, 66989, 57005, 70572, 15793, 70579, 3507, 11574, 33335, 80125, 19898, 61629, 53566, 47934, 10946, 10947, 59847, 59848, 37961, 70601, 72396, 10957, 63311, 76623, 3410, 3411, 10965, 63445, 54232, 64601, 66780, 5983, 59873, 59874, 60387, 72548, 74342, 54632, 43113, 54639, 15985, 62706, 10611, 62707, 9974, 11766, 6013]",C10,SCHOEN
29379663,"(45.1203, 1.9732)","[18690, 81410, 60036, 20614, 16519, 72328, 3337, 69265, 71316, 71317, 77589, 66839, 76952, 77721, 48537, 77978, 76828, 64665, 74529, 59942, 3372, 66989, 80176, 15793, 66738, 11574, 33335, 19898, 61629, 53566, 10946, 10947, 59848, 70601, 3530, 37961, 10957, 76623, 63311, 5983, 59873, 59874, 30822, 74342, 54632, 43113, 62706, 10611, 62707, 11766, 9974, 63480, 63481, 65660, 6013]",C10,MESPOULET
29379664,"(45.15, 1.5333)","[77313, 20614, 69265, 71316, 71317, 48537, 77721, 80417, 3372, 66989, 15793, 66738, 11574, 19898, 61629, 10946, 10947, 37961, 76623, 63311, 10965, 74583, 59874, 60387, 30822, 43113, 9974, 11766, 65660, 6013]",C10,MESPOULET
29801553,"(47.9501, 1.876)","[10946, 3410, 10965, 71317]",FRANCE BOISSONS,France BOISSONS
29379666,"(48.4554, -2.028)","[77313, 58245, 20614, 3337, 63627, 71317, 77589, 48537, 77721, 77995, 3372, 66989, 57005, 80176, 15793, 70579, 11574, 33335, 19898, 61629, 53566, 39616, 10946, 10947, 59847, 59848, 70601, 3530, 37961, 10957, 76623, 3410, 3411, 63445, 10965, 74583, 54232, 64601, 5983, 59873, 59874, 60387, 30822, 54632, 62706, 62707, 11766, 9974, 65660, 6013]",C10,COZIGOU  
29379667,"('nan', 'nan')","[77313, 18690, 20614, 3337, 3338, 63627, 75534, 69265, 71317, 77721, 64665, 80417, 59940, 3372, 66989, 15793, 11574, 33335, 15800, 19898, 58941, 61629, 10946, 10947, 59847, 59848, 70601, 10957, 76623, 63311, 3410, 10965, 54232, 5983, 59874, 60387, 30822, 9974, 11766, 63478, 63481, 63482, 65660, 6013]",C10,COZIGOU  
29379668,"(48.8427, -3.139)","[81408, 81410, 60036, 20614, 3337, 75534, 78356, 71317, 48537, 64665, 3372, 66989, 57005, 80176, 11574, 33335, 19898, 61629, 10946, 10947, 59848, 70601, 70605, 3410, 10965, 74582, 5983, 59873, 59874, 74342, 62706, 62707, 9974, 11766, 65660, 6013]",C10,Les Fils de Louis MAHE
29379671,"(49.7752, 4.6817)","[18690, 17028, 58245, 20614, 16519, 3337, 3338, 71316, 48537, 77721, 16550, 3372, 57005, 66989, 80176, 15793, 70579, 11574, 19898, 61629, 53566, 10946, 10947, 59848, 37961, 10957, 29777, 3410, 10965, 48859, 59873, 59874, 72548, 30822, 54632, 67049, 62706, 62707, 11766, 9974, 63482, 6013]",C10,SOREDIS
29379672,"(43.0816, 1.649)","[17028, 20614, 3337, 3338, 18827, 77589, 3372, 66989, 57005, 70572, 80176, 66738, 70579, 11574, 33335, 19898, 61629, 10946, 10947, 10957, 3410, 10965, 48859, 59873, 59874, 54632, 62706, 62707, 11766, 9974, 63481, 6013]",C10,ARIEGE BOISSONS DISTRIBUTION
29379673,"(48.3, 4.0833)","[81408, 77313, 18690, 81410, 17028, 75909, 20614, 3337, 75534, 71316, 78356, 71317, 66839, 77589, 64665, 48537, 67483, 76828, 77721, 76952, 66719, 16550, 77995, 3372, 66989, 70572, 59286, 15793, 66738, 79923, 70579, 11574, 33335, 19898, 61629, 53566, 47934, 10946, 10947, 59847, 59848, 37961, 70601, 10957, 76623, 63311, 3410, 3411, 10965, 74582, 74583, 54232, 64601, 34906, 73181, 5983, 30822, 74342, 54632, 62706, 10611, 62707, 11766, 9974, 65660, 6013]",C10,SA  JURA BOISSONS
29379676,"(43.4522, 5.413)","[77313, 3337, 3338, 63627, 18827, 71317, 77589, 3372, 79923, 70579, 11574, 15800, 19898, 10946, 10947, 59847, 59848, 37961, 72396, 10957, 76623, 29777, 3410, 3411, 10965, 63445, 74582, 54232, 60505, 45918, 59873, 59874, 72548, 43113, 71275, 62706, 9974, 11766]",FRANCE BOISSONS,France BOISSONS
29379677,"(43.6768, 4.6303)","[77313, 60036, 20614, 3337, 3338, 63627, 18827, 75534, 69265, 71317, 77589, 66839, 48537, 64665, 77721, 76828, 80417, 21416, 3372, 57005, 66989, 70572, 80176, 15793, 66738, 70579, 11574, 33335, 19898, 61629, 10946, 10947, 37961, 10957, 76623, 63311, 68431, 3410, 29777, 10965, 54232, 48859, 5983, 59873, 59874, 60387, 30822, 67049, 67561, 43113, 54639, 62706, 62707, 11766, 9974, 65660, 6013]",C10,BRASSERIE DU DELTA
40016990,"(49.7394, 2.2184)","[17028, 20614, 71316, 77589, 78356, 48537, 76828, 59942, 66989, 33335, 19898, 61629, 53566, 10946, 10947, 70601, 3530, 48859, 10611, 11766]",INDEPENDANTS,
29379678,"(43.2789, 5.4152)","[77313, 20614, 3337, 3338, 63627, 18827, 78355, 71316, 71317, 77589, 66839, 48537, 77721, 3372, 66989, 57005, 70572, 15793, 66738, 70579, 11574, 15800, 19898, 61629, 47934, 10946, 10947, 59847, 59848, 37961, 10957, 64590, 76623, 63311, 3410, 10965, 63445, 54232, 64601, 66780, 59873, 59874, 72548, 54632, 43113, 65642, 62706, 62707, 9974, 11766, 6013]",DISTRIBOISSONS,MONTANER
29379680,"(49.14, -0.349)","[77313, 20614, 3337, 63627, 18827, 71317, 77589, 48537, 3372, 66989, 70572, 70579, 11574, 33335, 19898, 10946, 10947, 59847, 59848, 10957, 63311, 76623, 10965, 54232, 5983, 59873, 59874, 72548, 43113, 62706, 62707, 9974, 11766, 6013]",FRANCE BOISSONS,France BOISSONS
29379681,"(45.108, 2.8667)","[10946, 10947, 45416, 3372, 66989, 66738, 71316, 71317, 11574, 33335, 48859, 6013, 5983]",INDEPENDANTS,ETS COMBES PATRICK
29379682,"(45.6833, 0.1667)","[77313, 18690, 17028, 20614, 3337, 3338, 63627, 75534, 69265, 71316, 71317, 77589, 59286, 66839, 48537, 77721, 80417, 3372, 66989, 70572, 15793, 66738, 11574, 33335, 19898, 61629, 10946, 10947, 59847, 59848, 70601, 3530, 37961, 10957, 76623, 63311, 9937, 3410, 10965, 54232, 59873, 59874, 72548, 54632, 43113, 65642, 54639, 62706, 10611, 62707, 11766, 9974, 63480, 63481, 65660, 6013]",DISTRIBOISSONS,LA ROCHELLE BOISSONS
29379684,"(43.4358, 1.6628)","[81408, 77313, 18690, 81410, 17028, 20614, 72328, 3337, 63627, 64272, 71316, 78356, 71317, 77589, 66839, 48537, 64665, 77721, 63482, 3372, 66989, 15793, 11574, 33335, 19898, 61629, 53566, 10946, 10947, 59847, 59848, 70601, 3530, 37961, 70605, 10957, 76623, 64590, 70225, 3410, 10965, 63445, 54232, 61687, 59873, 59874, 74342, 43113, 63466, 54639, 15985, 62706, 10611, 62707, 11766, 9974, 63480, 63481, 3450, 6013]",C10,CROUZIL FRERES
29564005,"(44.2361, 1.7717)","[77313, 60036, 20614, 3337, 3338, 18827, 71316, 71317, 77589, 66839, 77721, 48537, 77995, 3372, 57005, 66989, 80176, 15793, 66738, 11574, 33335, 19898, 61629, 10946, 10947, 59847, 59848, 37961, 10957, 63311, 76623, 3411, 10965, 54232, 5983, 59873, 59874, 72548, 54632, 43113, 54639, 15985, 62707, 11766, 9974, 63480, 6013]",C10,MESPOULET
29840997,"(46.2455, 4.7422)","[20614, 16519, 3337, 63627, 18827, 71316, 77589, 71317, 77721, 77995, 57005, 15793, 70579, 11574, 15800, 19898, 61629, 10946, 10947, 59847, 59848, 37961, 10957, 63311, 76623, 10965, 48859, 59873, 59874, 60387, 72548, 30822, 43113, 11766, 9974, 6013]",DISTRIBOISSONS,MURGIER
29379687,"(44.85, -0.2833)","[77313, 3337, 3338, 18827, 63627, 71317, 77589, 3372, 79923, 11574, 19898, 10946, 59847, 59848, 37961, 72396, 10957, 63311, 76623, 63445, 74582, 10965, 54232, 64601, 59873, 59874, 60387, 72548, 43113, 62706, 61684, 9974, 6013]",FRANCE BOISSONS,France BOISSONS
29563495,"(45.7309, 6.0053)","[81408, 77313, 81410, 78355, 78356, 79894, 80417, 59940, 59942, 79923, 33335, 37961, 64590, 67151, 29777, 64601, 30822, 74342, 43113, 15985, 65660, 17028, 75909, 20614, 72328, 63627, 69265, 71316, 71317, 64665, 40093, 77995, 57005, 66738, 61629, 10946, 10947, 10957, 9937, 10965, 62706, 62707, 9974, 18690, 3337, 3338, 64272, 77589, 66839, 74529, 3372, 80176, 11574, 53566, 47934, 63311, 76623, 3410, 3411, 74582, 74583, 5983, 72548, 54639, 10611, 6013, 18827, 59286, 48537, 77721, 21416, 70572, 66989, 15793, 70579, 19898, 70601, 3530, 70605, 63445, 54232, 59873, 59874, 60387, 67561, 63466, 67049, 11766, 63478, 63480, 63481, 63482]",C10,RAD
29379686,"(43.384, 0.5982)","[7519873, 10946, 10947, 63908, 59847, 59848, 3337, 3372, 76623, 9974, 11574, 54232, 19898, 6013]",C10,ETS AUTEFAGE
29379690,"(43.5003, 3.7117)","[77313, 3337, 3338, 63627, 18827, 77589, 71317, 3372, 11574, 19898, 10946, 10947, 59847, 59848, 10957, 76623, 3410, 54232, 48859, 59873, 59874, 43113, 62706, 9974, 11766, 6013]",FRANCE BOISSONS,France BOISSONS
29379692,"(47.3947, 0.9161)","[77313, 18690, 17028, 60036, 20614, 3337, 3338, 63627, 69265, 71316, 71317, 77589, 78356, 48537, 77721, 63908, 21416, 3372, 66989, 57005, 70572, 80176, 15793, 66738, 70579, 11574, 33335, 15800, 19898, 61629, 53566, 10946, 10947, 59847, 59848, 70601, 3530, 37961, 10957, 76623, 63311, 3410, 10965, 74582, 74583, 48859, 5983, 59873, 59874, 60387, 30822, 54632, 78313, 67562, 67049, 43113, 15985, 62706, 10611, 62707, 11766, 9974, 63480, 63481, 6013]",DISTRIBOISSONS,FAYETTE
29379694,"(45.2627, 5.6989)","[77313, 20614, 3337, 63627, 71317, 77589, 3372, 70579, 11574, 33335, 19898, 39616, 10946, 10947, 59847, 59848, 10957, 76623, 3410, 10965, 54232, 5983, 59873, 59874, 60387, 43113, 15985, 62706, 10611, 62707, 9974, 6013]",FRANCE BOISSONS,France BOISSONS
29379695,"(46.6501, 5.4404)","[77313, 18690, 17028, 20614, 72328, 3337, 3338, 63627, 75534, 69265, 78355, 71316, 78356, 71317, 66839, 64665, 48537, 77721, 74529, 59941, 16550, 21416, 3372, 66989, 57005, 70572, 80176, 15793, 70579, 11574, 33335, 15800, 19898, 61629, 53566, 47934, 10946, 10947, 59847, 59848, 70601, 3530, 37961, 10957, 76623, 63311, 9937, 3410, 3411, 29777, 10965, 63445, 54232, 59873, 59874, 60387, 72548, 30822, 54632, 43113, 54639, 15985, 62706, 10611, 62707, 11766, 9974, 63480, 63481, 3450, 6013]",C10,SA  JURA BOISSONS
29379696,"(45.1642, 0.5719)","[77313, 60036, 17028, 20614, 58245, 3337, 3338, 63627, 75534, 71316, 71317, 59286, 66839, 77721, 48537, 40093, 21416, 77995, 3372, 57005, 66989, 80176, 15793, 66738, 3507, 70579, 11574, 33335, 19898, 61629, 53566, 10946, 10947, 59847, 59848, 37961, 70601, 10957, 76623, 63311, 3410, 3411, 10965, 54232, 64601, 5983, 59873, 59874, 60387, 30822, 54632, 67561, 43113, 54639, 10611, 9974, 11766, 63481, 6013]",C10,LE BIHAN
29430384,"(49.0137, 2.4659)","[20614, 3337, 3338, 63627, 71317, 21416, 3372, 66989, 70572, 57005, 80176, 79923, 70579, 11574, 33335, 19898, 61629, 10946, 10947, 59847, 59848, 70601, 3530, 63311, 76623, 3410, 10965, 74582, 63445, 54232, 64601, 59873, 59874, 60387, 67049, 43113, 62706, 62707, 9974, 11766, 63481, 65660, 6013]",INDEPENDANTS,LBA LES BRASSERIES D'ALEXANDRE
29379698,"(44.9333, 4.9)","[77313, 20614, 72328, 3337, 3338, 63627, 71316, 71317, 77589, 48537, 77721, 67483, 64665, 77995, 3372, 66989, 15793, 11574, 33335, 19898, 61629, 10946, 10947, 59847, 59848, 70601, 10957, 76623, 63311, 3410, 10965, 74582, 74583, 54232, 66780, 59873, 59874, 60387, 54632, 67049, 43113, 54639, 62706, 62707, 9974, 11766, 6013]",DISTRIBOISSONS,MONTANER
29446255,"(47.7993, -0.721)","[17028, 75909, 20614, 72328, 3337, 82315, 64272, 71316, 48537, 74529, 59940, 59942, 3372, 66989, 33335, 19898, 61629, 53566, 10946, 10947, 59847, 59848, 70601, 3530, 10958, 3450, 48859, 59873, 59874, 61943, 65643, 15985, 10611, 61684, 61685, 11766, 61687, 62707, 63482]",NATIONAL CUSTOMER,VINOBEER
29379701,"(49.3503, 0.651)","[10946, 10947, 20614, 3337, 3372, 66738, 62707, 62706, 10965, 9974, 11766, 11574, 60505, 6013, 5983]",C10,SARL LA MAISON DU PERE TRANQUILLE
29379702,"(48.3785, 1.4515)","[18690, 20614, 71317, 66839, 48537, 77721, 3372, 66989, 57005, 70572, 15793, 70579, 11574, 33335, 19898, 61629, 53566, 47934, 10946, 10947, 59847, 59848, 37961, 10957, 10965, 54232, 59873, 59874, 30822, 54639, 62706, 10611, 62707, 9974, 11766, 6013]",C10,OBD   
29379708,"(48.6667, -4.05)","[77313, 18690, 20614, 3337, 63627, 71317, 77589, 3372, 57005, 66989, 80176, 11574, 19898, 61629, 58941, 10946, 10947, 70601, 10957, 63311, 10965, 54232, 62707, 9974, 65660, 6013]",C10,COZIGOU  
29610633,"('nan', 'nan')","[77313, 3337, 18827, 77589, 71317, 3371, 3372, 10946, 59847, 59848, 10957, 76623, 54232, 60505, 59873, 59874, 72548, 43113, 62706, 9974, 6013]",FRANCE BOISSONS,France BOISSONS
29799562,"(49.4818, 2.128)","[77313, 18690, 17028, 58245, 20614, 16519, 3337, 3338, 63627, 71316, 77589, 71317, 66839, 48537, 77721, 16550, 3372, 66989, 57005, 80176, 15793, 66738, 70579, 11574, 33335, 19898, 61629, 10946, 10947, 59847, 59848, 37961, 3530, 70601, 72396, 10957, 76623, 29777, 3410, 10965, 54232, 48859, 66780, 5983, 59873, 59874, 72548, 30822, 43113, 15985, 62706, 10611, 62707, 11766, 9974, 63480, 65660, 6013]",DISTRIBOISSONS,GROUPE ROUQUETTE
29983887,"(44.9975, 5.1859)","[18690, 17028, 20614, 3338, 82315, 18827, 64272, 71316, 77589, 48537, 66989, 33335, 19898, 61629, 53566, 47934, 10946, 10947, 59847, 59848, 70601, 3530, 10958, 59873, 59874, 72548, 10611, 61684, 61685, 11766, 59895, 63480, 63481, 3450]",NATIONAL CUSTOMER,MY BEERS
29643421,"(48.2751, 2.6908)","[77313, 43113, 62474, 76623, 63285, 54232, 72414]",NATIONAL CUSTOMER,STEF Logistique Nemours
29780131,"(48.363, 2.9875)","[59874, 10946, 54632, 3337, 3372, 3410, 10965, 11574, 63445, 66839]",FRANCE BOISSONS,France BOISSONS
29379236,"(48.5333, -4.3167)","[77313, 18690, 60036, 17028, 20614, 58245, 3337, 63627, 18827, 69265, 71316, 71317, 66839, 48537, 77978, 80417, 3372, 66989, 57005, 80176, 11574, 33335, 15800, 19898, 58941, 39616, 10946, 10947, 59847, 59848, 70601, 3530, 10957, 63311, 76623, 3410, 62034, 10965, 74582, 54232, 5983, 60387, 43113, 15985, 53236, 9974, 11766, 65660, 6013]",C10,COZIGOU  
29563563,"(48.9333, 2.3)","[17028, 20614, 72328, 71316, 78356, 48537, 64665, 66989, 33335, 19898, 61629, 53566, 10946, 10947, 70601, 3530, 62707, 11766, 63480, 63481, 3450]",NATIONAL CUSTOMER,INTER CAVES
29793472,"(48.6721, 2.3932)","[59873, 59874, 77313, 59847, 59848, 43113, 70601, 10957, 66989, 71317, 11574, 54232, 61629]",DISTRIBOISSONS,ENTREPOT DARBONNE
40007881,"(48.8695, 6.0403)","[77313, 18690, 17028, 60036, 20614, 3337, 63627, 46093, 71316, 77589, 59286, 71317, 48537, 64665, 76828, 40093, 3372, 66989, 80176, 66738, 11574, 33335, 19898, 61629, 53566, 10946, 10947, 59847, 59848, 37961, 3530, 70601, 72396, 10957, 63311, 29777, 3410, 10965, 74582, 74583, 60387, 54639, 15985, 62706, 10611, 62707, 11766, 9974, 63480, 63481, 3450]",C10,REGA
29379283,"(45.0717, 5.6425)","[81408, 77313, 81410, 78355, 78356, 79894, 76828, 59942, 79923, 33335, 37961, 64590, 70225, 29777, 64601, 34906, 74342, 30822, 43113, 15985, 17028, 20614, 72328, 63627, 71316, 71317, 76952, 64665, 57005, 66738, 61629, 39616, 10946, 10947, 72396, 10957, 10965, 48859, 62706, 62707, 9974, 18690, 3337, 3338, 75534, 64272, 77589, 66839, 69407, 74529, 78123, 3372, 11574, 53566, 76623, 63311, 3410, 3411, 76626, 74582, 74583, 5983, 72548, 54632, 54639, 10611, 6013, 18827, 48537, 77721, 21416, 70572, 66989, 15793, 70579, 19898, 59847, 59848, 70601, 3530, 70605, 63445, 54232, 59873, 59874, 60387, 63466, 11766, 63480, 63481, 63482]",C10,RAD
29988565,"(50.3667, 3.4833)","[77721, 16550, 3372, 15793, 70579, 11574, 59847, 59848, 3410, 3411, 10965, 5983, 59874, 67561, 65642, 67562, 62706, 62707, 65660, 6013]",C10,SOREDIS
29727962,"(50.9623, 2.4096)","[77313, 60036, 17028, 58245, 16519, 72328, 3337, 3338, 78355, 78356, 71316, 64665, 63908, 16550, 3372, 57005, 66989, 80176, 66738, 11574, 33335, 19898, 61629, 53566, 10946, 10947, 59848, 37961, 10957, 29777, 3410, 10965, 48859, 5983, 59874, 54632, 67561, 67562, 62707, 10611, 9974, 11766, 63481, 6013]",INDEPENDANTS,BVB
29378784,"(50.6978, 2.2423)","[18690, 17028, 60036, 20614, 16519, 72328, 3337, 3338, 64272, 71316, 78356, 66839, 48537, 77721, 63482, 58277, 16550, 3372, 66989, 70572, 57005, 80176, 15793, 66738, 70579, 11574, 33335, 19898, 61629, 53566, 10946, 10947, 59848, 70601, 3530, 10957, 70605, 29777, 3410, 70225, 48859, 5983, 59873, 59874, 30822, 54632, 62706, 62707, 11766, 9974, 63480, 63481, 3450, 6013]",INDEPENDANTS,ALLAN
29378785,"(50.6177, 2.3964)","[18690, 17028, 58245, 20614, 16519, 72328, 3337, 3338, 63627, 46093, 78356, 71316, 77589, 71317, 48537, 64665, 77721, 16550, 3372, 66989, 57005, 70572, 80176, 15793, 66738, 11574, 33335, 68280, 19898, 61629, 53566, 10687, 10946, 10947, 59847, 59848, 70601, 37961, 70605, 10957, 10958, 76623, 29777, 3410, 10965, 48859, 66780, 5983, 59873, 59874, 60387, 30822, 54632, 69490, 62707, 62706, 11766, 9974, 63480, 65660]",C10,BEDAGUE
40002273,"(48.112, -1.6743)","[77313, 20614, 63627, 77589, 71317, 3372, 57005, 80176, 11574, 19898, 61629, 10946, 10947, 59847, 59848, 3530, 10957, 76623, 63311, 3410, 10965, 63445, 5983, 60387, 30822, 9974, 11766, 6013]",C10,COZIGOU  
29379815,"(49.3331, 1.0941)","[77313, 18690, 17028, 20614, 3337, 3338, 63627, 71316, 71317, 77589, 59286, 66839, 48537, 40093, 16550, 3372, 66989, 57005, 70572, 80176, 66738, 70579, 11574, 33335, 15800, 19898, 61629, 53566, 39616, 10946, 10947, 59847, 59848, 70601, 37961, 10957, 76623, 29777, 3410, 3411, 10965, 54232, 66780, 5983, 59873, 59874, 30822, 67561, 43113, 62706, 10611, 62707, 11766, 9974, 63480, 6013]",DISTRIBOISSONS,BONO
29379818,"(48.9981, 1.6313)","[77313, 10946, 3337, 3410, 62707, 11574, 54232, 6013]",FRANCE BOISSONS,France BOISSONS
29379819,"(49.0435, 2.1213)","[81408, 77313, 18690, 58245, 20614, 3337, 3338, 63627, 71316, 71317, 59286, 66839, 77589, 77721, 77978, 74529, 21416, 3372, 66989, 57005, 80176, 15793, 53425, 11574, 33335, 15800, 19898, 61629, 53566, 47934, 10946, 10947, 59847, 59848, 70601, 37961, 10957, 63311, 76623, 3410, 3411, 10965, 74582, 63445, 54232, 64601, 66780, 5983, 59873, 59874, 60387, 72548, 74342, 30822, 54632, 43113, 54639, 62706, 62707, 61685, 9974, 11766, 65660, 6013]",C10,TRIBOUILLET
29379820,"(46.6, -0.5582)","[81408, 18690, 17028, 20614, 72328, 3337, 63627, 63479, 78356, 71316, 77589, 71317, 66839, 64665, 48537, 3372, 66989, 70572, 53425, 66738, 70579, 11574, 33335, 19898, 61629, 53566, 10946, 10947, 59847, 59848, 70601, 3530, 37961, 10957, 3450, 76623, 3410, 10965, 63445, 58328, 48859, 66780, 5983, 60387, 54632, 62706, 10611, 62707, 61685, 11766, 9974, 63480, 63481, 63482, 6013]",C10,SCOB
29635311,"(49.827, 4.2107)","[18690, 17028, 60036, 20614, 16519, 72328, 3337, 3338, 64272, 78356, 71316, 71317, 48537, 64665, 77721, 40093, 63482, 63908, 16550, 3372, 66989, 57005, 70572, 15793, 3507, 11574, 33335, 19898, 61629, 47934, 53566, 10946, 10947, 59848, 70601, 3530, 10957, 10958, 29777, 9938, 3410, 9937, 10965, 63445, 54232, 48859, 5983, 59873, 59874, 30822, 54632, 43113, 10611, 62707, 11766, 9974, 63480, 63481, 3450, 6013]",DISTRIBOISSONS,B.B.C.D. (Hirson)
29379824,"(50.0032, 2.9109)","[16550, 16519, 3337, 3372, 57005, 29777, 10965, 11574, 6013, 5983]",INDEPENDANTS,LENGLET
29379826,"(48.7833, 2.4667)","[81408, 77313, 81410, 76828, 59940, 59941, 79923, 33335, 64590, 70225, 64601, 74342, 30822, 43113, 65660, 17028, 75909, 20614, 72328, 63627, 71316, 71317, 76952, 64665, 61629, 10946, 10947, 10957, 10958, 10965, 62707, 61684, 9974, 61687, 18690, 18692, 3337, 3338, 77589, 66839, 74529, 3372, 11574, 53566, 76623, 63311, 3410, 74582, 45918, 72548, 10611, 3450, 6013, 18827, 59286, 48537, 77721, 70572, 66989, 15793, 19898, 59847, 59848, 70601, 3530, 70605, 63445, 54232, 59873, 59874, 60387, 63478, 59895, 63480, 63481, 63482, 11766]",DISTRIBOISSONS,J.MILLIET BERCY BISTROT CASH
29379827,"(43.9298, 2.148)","[77313, 18690, 3337, 3338, 63627, 18827, 75534, 71316, 71317, 77589, 66839, 77721, 48537, 21416, 3372, 66989, 57005, 70572, 15793, 79923, 70579, 11574, 33335, 61629, 53566, 10946, 10947, 59847, 59848, 70601, 37961, 10957, 76623, 63311, 3410, 3411, 10965, 63445, 54232, 64601, 66780, 59873, 59874, 60387, 72548, 43113, 63466, 15985, 62706, 62707, 9974, 11766, 6013]",DISTRIBOISSONS,RAYMOND
29379828,"(45.6961, 4.9389)","[77313, 78355, 78356, 59940, 59942, 33335, 37961, 70225, 34906, 30822, 43113, 15985, 17028, 75909, 20614, 72328, 63627, 71316, 71317, 76952, 64665, 66719, 57005, 66738, 61629, 10946, 10947, 10957, 9938, 10965, 48859, 66780, 62706, 62707, 9974, 18690, 3337, 3338, 75534, 77589, 66839, 3372, 80176, 11574, 53566, 47934, 63311, 76623, 3410, 3411, 74582, 74583, 5983, 72548, 54639, 10611, 6013, 18827, 59286, 48537, 77721, 63908, 21416, 66989, 15793, 70579, 19898, 59847, 59848, 70601, 54232, 73181, 59873, 59874, 60387, 67049, 11766, 63480, 63481, 77311]",C10,RAD
29379829,"(47.7954, 6.4907)","[81408, 77313, 18690, 81410, 60036, 17028, 20614, 72328, 3337, 3338, 63627, 18827, 71316, 78356, 71317, 77589, 66839, 64665, 48537, 77721, 63908, 77995, 3372, 66989, 57005, 20527, 80176, 15793, 66738, 70572, 70579, 11574, 33335, 19898, 61629, 53566, 47934, 10946, 10947, 59847, 59848, 70601, 3530, 37961, 70605, 10957, 63311, 76623, 29777, 3410, 3411, 3450, 10965, 74582, 74583, 63445, 54232, 66780, 5983, 59873, 74342, 30822, 54632, 67561, 43113, 54639, 62706, 10611, 62707, 11766, 9974, 63480, 63481, 63482, 15740, 6013]",C10,BURGEY ROBERT ET FILS
29379830,"(46.7633, 4.8393)","[77313, 18690, 17028, 58245, 20614, 3337, 3338, 18827, 71316, 71317, 77589, 66839, 64665, 48537, 21416, 3372, 66989, 70572, 57005, 11574, 33335, 15800, 19898, 61629, 10946, 10947, 59847, 59848, 37961, 3530, 10957, 63311, 76623, 3410, 10965, 74583, 54232, 59874, 72548, 30822, 54632, 43113, 10611, 11766, 9974, 6013]",C10,SOREDIS
29379831,"(47.6982, -0.0755)","[77313, 18690, 20614, 72328, 3337, 63627, 71316, 71317, 66839, 48537, 3372, 66989, 70572, 66738, 70579, 11574, 33335, 19898, 61629, 10946, 10947, 59847, 59848, 70601, 10957, 76623, 3410, 10965, 54232, 66780, 5983, 59873, 59874, 60387, 54632, 43113, 15985, 62706, 10611, 62707, 9974, 11766, 6013]",DISTRIBOISSONS,Sarthe Anjou Boissons
29379833,"(45.55, 6.6667)","[20614, 3337, 71317, 77589, 77721, 77995, 3372, 66989, 15793, 11574, 33335, 68280, 19898, 61629, 10946, 10947, 59847, 59848, 10957, 76623, 63445, 10965, 64601, 45918, 59873, 59874, 72548, 30822, 54632, 67561, 43113, 62706, 62707, 9974, 11766, 6013]",DISTRIBOISSONS,MURGIER
29683450,"(46.3064, 6.4447)","[77313, 18690, 20614, 3337, 63627, 71316, 77589, 71317, 3372, 11574, 19898, 10946, 10947, 59847, 59848, 37961, 10957, 76623, 10965, 63445, 54232, 64601, 48859, 72413, 59873, 59874, 60387, 72548, 77034, 62706, 62707, 9974, 6013]",DISTRIBOISSONS,MURGIER
29379835,"(45.588, 6.4551)","[77313, 18690, 60036, 20614, 3337, 3338, 63627, 71317, 66839, 48537, 3372, 66989, 57005, 70572, 80176, 66738, 70579, 11574, 33335, 15800, 19898, 61629, 47934, 53566, 10946, 10947, 59847, 59848, 37961, 10957, 64590, 76623, 29777, 3410, 3411, 10965, 63445, 54232, 64601, 66780, 5983, 59873, 59874, 72548, 30822, 54632, 43113, 54639, 15985, 62706, 62707, 11766, 9974, 6013]",C10,ETS HYBORD ESCANDE DISTRIBUTION
29379836,"(45.5856, 6.3045)","[77313, 18690, 60036, 20614, 72328, 3337, 3338, 63627, 69265, 78356, 71316, 71317, 66839, 64665, 48537, 3372, 66989, 57005, 70572, 80176, 66738, 70579, 11574, 33335, 19898, 61629, 53566, 10946, 10947, 59847, 59848, 70601, 3530, 10957, 76623, 29777, 3410, 10965, 54232, 48859, 5983, 59873, 59874, 30822, 54632, 67561, 67049, 54639, 15985, 62706, 10611, 62707, 11766, 9974, 63480, 63481, 65660, 6013]",INDEPENDANTS,LE GRAND ARC
29379834,"(45.6221, 6.7996)","[77313, 18690, 60036, 75909, 20614, 3337, 3338, 63627, 71316, 77589, 71317, 59286, 48537, 74529, 59940, 3372, 66989, 70572, 70579, 11574, 33335, 19898, 61629, 53566, 10946, 10947, 59847, 59848, 37961, 70601, 10957, 63311, 76623, 3410, 63445, 10965, 74582, 54232, 64601, 59873, 59874, 60387, 72548, 30822, 45416, 67561, 43113, 15985, 62706, 62707, 9974, 11766, 6013]",DISTRIBOISSONS,MONTANER
29379838,"('nan', 'nan')","[77313, 17028, 75909, 20614, 3337, 3338, 63627, 71317, 77589, 66839, 48537, 77721, 76828, 59942, 3372, 70572, 57005, 15793, 79923, 11574, 33335, 19898, 61629, 53566, 39616, 10946, 10947, 59847, 59848, 37961, 10957, 64590, 63311, 76623, 9937, 3410, 9938, 29777, 10965, 74582, 63445, 3411, 64601, 54232, 48859, 5983, 59873, 59874, 60387, 72548, 30822, 54632, 43113, 54639, 15985, 62706, 62707, 11766, 9974, 6013]",FRANCE BOISSONS,France BOISSONS
29379840,"(49.3556, 1.0065)","[18690, 20614, 3337, 78355, 71317, 66839, 48537, 3372, 11574, 33335, 53566, 10946, 10947, 59847, 59848, 76623, 3410, 10965, 5983, 59873, 59874, 54632, 62706, 9974]",FRANCE BOISSONS,France BOISSONS
29379841,"('nan', 'nan')","[77313, 18690, 58245, 20614, 3337, 3338, 63627, 18827, 75534, 78355, 71316, 71317, 77589, 59286, 79894, 66839, 77721, 74529, 21416, 77995, 3372, 57005, 66989, 80176, 15793, 66738, 79923, 70579, 11574, 33335, 15800, 19898, 61629, 53566, 47934, 39616, 10946, 10947, 59847, 59848, 37961, 10957, 64590, 63311, 76623, 3410, 3411, 10965, 74582, 74583, 63445, 54232, 64601, 66780, 5983, 59873, 59874, 60387, 72548, 30822, 54632, 67561, 63466, 43113, 54639, 15985, 62706, 10611, 62707, 9974, 11766, 65660, 6013]",C10,OBD   
29379842,"(48.8811, 2.5929)","[77313, 18690, 81410, 17028, 20614, 16519, 3337, 18827, 63627, 77589, 71317, 48537, 16550, 3372, 66989, 57005, 70579, 11574, 33335, 19898, 10946, 10947, 59848, 3530, 10957, 76623, 63311, 3410, 10965, 74583, 54232, 5983, 59873, 59874, 67049, 9974, 11766, 65660, 6013]",DISTRIBOISSONS,GROUPE ROUQUETTE
29379843,"(48.9869, 2.4489)","[20614, 63627, 78355, 71317, 66839, 77721, 77995, 3372, 15793, 11574, 58941, 10946, 10947, 59847, 59848, 3410, 3411, 10965, 74582, 5983, 60387, 54639, 15985, 62706, 62707, 9974]",INDEPENDANTS,BRIE LA FRANCILIENNE
29379844,"(48.9535, 2.3151)","[77313, 63627, 78355, 71317, 59286, 77589, 77721, 74529, 21416, 3372, 15793, 11574, 19898, 58941, 39616, 10946, 10947, 59847, 59848, 63311, 3410, 10965, 63445, 74582, 60387, 45416, 63466, 62706, 9974, 6013]",INDEPENDANTS,NAIT TAHAR MENAD
29379845,"(48.9869, 2.4489)","[10946, 10947, 20614, 3337, 3530, 70572, 10957, 69265, 3410, 62706, 62707, 11574, 9974, 19898, 65660]",INDEPENDANTS,SARLCAFES MOULUS POUR LIMONADIER
29379846,"(48.9, 2.45)","[17028, 20614, 3337, 77589, 11574, 10946, 10947, 59848, 76623, 3410, 10965, 5983, 59873, 59874, 43113, 62706, 62707, 9974, 6013]",C10,LES FRERES GOURMANDS
29379849,"(48.7038, 2.3391)","[77313, 18690, 20614, 3337, 3338, 63627, 71316, 71317, 59286, 79894, 77589, 48537, 77721, 66839, 76828, 40093, 74529, 21416, 3372, 66989, 57005, 80176, 15793, 66738, 70579, 11574, 19898, 61629, 53566, 47934, 39616, 10946, 10947, 59847, 59848, 37961, 70601, 10957, 64590, 63311, 76623, 9937, 3410, 3411, 10965, 63445, 74583, 54232, 64601, 74582, 5983, 59873, 59874, 60387, 72548, 30822, 54632, 43113, 54639, 15985, 62706, 10611, 62707, 11766, 9974, 65660, 6013]",C10,OBD   
29379850,"(48.7695, 2.4793)","[77313, 20614, 3337, 3338, 18827, 63627, 71317, 77589, 66839, 76952, 48537, 77721, 59286, 76828, 40093, 63908, 59942, 3372, 57005, 66989, 70572, 80176, 15793, 70579, 11574, 33335, 19898, 53566, 39616, 10946, 76611, 10947, 59847, 59848, 37961, 10957, 76623, 63311, 29777, 3410, 10965, 63445, 74582, 54232, 60505, 64601, 66780, 59873, 59874, 60387, 72548, 43113, 54639, 62706, 62707, 9974, 6013]",FRANCE BOISSONS,France BOISSONS
29379853,"(47.5382, 6.4026)","[81408, 77313, 18690, 81409, 17028, 81411, 20614, 81410, 72328, 3337, 3338, 82315, 18827, 63627, 78355, 78356, 71316, 77589, 71317, 76952, 64665, 48537, 76828, 74529, 63482, 59942, 21416, 70572, 66989, 57005, 66738, 70579, 11574, 33335, 19898, 61629, 53566, 10946, 10947, 59847, 59848, 70601, 3530, 70605, 10957, 76623, 70225, 63445, 10965, 48859, 59873, 59874, 72548, 74342, 30822, 54632, 63466, 62706, 10611, 62707, 11766, 9974, 63480, 63481, 3450, 6013]",C10,DAMIDEAUX MICHEL BOISSONS
29379855,"(43.733, 6.1765)","[81408, 77313, 18690, 81410, 17028, 60036, 20614, 58245, 72328, 3337, 3338, 63627, 18827, 69265, 71316, 77589, 78356, 71317, 59286, 48537, 64665, 77721, 80417, 59940, 59941, 77995, 3372, 66989, 57005, 70572, 80176, 15793, 66738, 70579, 11574, 33335, 15800, 19898, 61629, 53566, 10946, 10947, 70601, 3530, 10957, 10958, 76623, 3450, 29777, 3410, 10965, 63445, 54232, 48859, 66780, 15710, 59873, 59874, 72548, 74342, 30822, 54632, 67561, 63466, 62706, 10611, 62707, 61685, 11766, 61943, 63480, 63481, 63482, 9974, 65660, 6013]",C10,OLIVIER FRERES
29379857,"(48.9333, 2.3)","[77313, 20614, 3337, 3338, 63627, 18827, 71317, 77589, 66839, 48537, 76828, 3372, 70572, 79923, 70579, 11574, 33335, 19898, 10946, 10947, 59847, 59848, 37961, 10957, 10958, 76623, 63311, 3410, 63445, 10965, 54232, 60505, 64601, 66780, 45918, 5983, 59873, 59874, 60387, 72548, 43113, 62706, 61685, 9974, 6013]",FRANCE BOISSONS,France BOISSONS
29379858,"(43.45, 6.6833)","[77313, 20614, 3337, 3338, 71317, 77589, 48537, 3372, 66738, 70579, 11574, 33335, 19898, 10946, 10947, 37961, 10957, 76623, 3410, 3411, 10965, 54232, 59873, 59874, 62706, 62707, 11766, 9974, 6013]",DISTRIBOISSONS,MONTANER
29379859,"(43.45, 6.6833)","[77313, 20614, 3337, 3338, 63627, 71316, 77589, 71317, 77721, 80417, 3372, 57005, 66989, 80176, 15793, 11574, 33335, 19898, 61629, 10946, 76611, 10947, 59847, 59848, 37961, 10957, 76623, 3410, 3411, 10965, 54232, 48859, 66780, 59873, 59874, 72548, 30822, 54632, 43113, 62706, 9974, 11766, 65660, 6013, 77311]",DISTRIBOISSONS,MONTANER
29379860,"(44.0102, 4.8738)","[77313, 58245, 3337, 3338, 18827, 69265, 71317, 77589, 48537, 77721, 3372, 15793, 66738, 11574, 15800, 19898, 10946, 10947, 59848, 37961, 10957, 76623, 3410, 10965, 54232, 59873, 59874, 72548, 54632, 43113, 62706, 11766, 9974, 6013]",DISTRIBOISSONS,MONTANER
29379861,"(46.8354, -0.7778)","[77313, 18690, 17028, 58245, 20614, 3337, 3338, 63627, 18827, 69265, 71316, 71317, 77589, 66839, 48537, 77721, 40093, 80417, 16550, 3372, 66989, 57005, 70572, 80176, 15793, 66738, 70579, 11574, 33335, 15800, 19898, 61629, 10946, 10947, 70601, 3530, 37961, 10957, 76623, 63311, 29777, 3410, 10965, 54232, 66780, 5983, 59873, 59874, 60387, 30822, 45416, 67049, 43113, 15985, 62706, 10611, 62707, 11766, 9974, 63481, 65660, 6013]",C10,VINS REMY LIBOUREAU
29379862,"(46.4627, 0.2287)","[81408, 77313, 81410, 78356, 76828, 59940, 59941, 59942, 33335, 37961, 29777, 64601, 30822, 43113, 15985, 17028, 60036, 20614, 75909, 63627, 71316, 71317, 76952, 64665, 16550, 57005, 66738, 61629, 39616, 10946, 10947, 10957, 10965, 48859, 62706, 62707, 61685, 9974, 18690, 3337, 3338, 77589, 66839, 74529, 3372, 80176, 11574, 76623, 63311, 3410, 3411, 74582, 74583, 5983, 72548, 54632, 54639, 10611, 3450, 6013, 58245, 18827, 48537, 77721, 63908, 21416, 70572, 66989, 15793, 70579, 19898, 59847, 59848, 70601, 3530, 63445, 54232, 59873, 59874, 60387, 67049, 67562, 63466, 11766, 63480, 63481, 63482]",C10,SA VINS FROMAGET
29379863,"(45.8315, 1.2578)","[77313, 18690, 60036, 17028, 20614, 16519, 72328, 3337, 3338, 63627, 18827, 69265, 71316, 71317, 77589, 66839, 48537, 77721, 64665, 80417, 59940, 77995, 3372, 66989, 70572, 15793, 66738, 70579, 11574, 33335, 19898, 61629, 53566, 10946, 10947, 70601, 3530, 37961, 10957, 63311, 76623, 3411, 10965, 74582, 74583, 5983, 59873, 59874, 72548, 30822, 74342, 54632, 43113, 54639, 62706, 10611, 62707, 9974, 11766, 63480, 63481, 65660, 6013]",C10,MESPOULET
29379865,"(47.6668, 3.8206)","[81408, 77313, 18690, 81410, 17028, 20614, 3337, 3338, 69265, 71316, 71317, 77589, 66839, 78356, 77721, 80417, 16550, 3372, 66989, 70572, 57005, 80176, 15793, 66738, 70579, 3507, 11574, 33335, 19898, 61629, 47934, 10946, 10947, 37961, 3530, 10957, 76623, 3410, 10965, 74582, 54232, 66780, 5983, 59873, 59874, 74342, 30822, 54632, 62706, 10611, 62707, 9974, 11766, 63480, 3450]",C10,COURTOIS BOURGOGNE BOISSONS
29379866,"(48.6721, 2.3932)","[20614, 3337, 69265, 71316, 71317, 77721, 3372, 66989, 15793, 11574, 19898, 61629, 10946, 10947, 59847, 70601, 3410, 10965, 59873, 59874, 60387, 78313, 62706, 9974, 65660]",DISTRIBOISSONS,SARL DRINK MARKET CASH
29630747,"(47.4988, -0.4302)","[77313, 20614, 3337, 3338, 18827, 63627, 71317, 77589, 66839, 3372, 70579, 11574, 33335, 10946, 10947, 59847, 59848, 37961, 10957, 76623, 10965, 63445, 54232, 60505, 5983, 59873, 59874, 72548, 30822, 54632, 43113, 62706, 9974, 6013]",FRANCE BOISSONS,France BOISSONS
29832988,"(44.8835, -0.6469)","[80417, 59874, 77313, 54632, 78313, 76623, 69265, 3410, 62706, 66738, 71317, 9974, 11574, 74582, 10965, 77589, 65660, 6013]",INDEPENDANTS,CAVE A TITOUNE
29379360,"(44.6287, -1.1406)","[77313, 3337, 3338, 59286, 3372, 57005, 66989, 80176, 66738, 70579, 11574, 19898, 10946, 10947, 37961, 10957, 76623, 10965, 59873, 59874, 60387, 54632, 9974, 11766, 6013]",C10,LE BIHAN
29379363,"(44.9333, -0.1833)","[77313, 20614, 63627, 71316, 71317, 77589, 76828, 77995, 3372, 66989, 11574, 19898, 61629, 10946, 10947, 59847, 59848, 10957, 76623, 3410, 10965, 74582, 59873, 59874, 54632, 62706, 62707, 9974, 11766, 65660, 6013]",DISTRIBOISSONS,RG LAVIALE
29596966,"(44.5543, 6.1627)","[77313, 18690, 75909, 20614, 72328, 3337, 3338, 63627, 75534, 71316, 71317, 77589, 59286, 48537, 64665, 77721, 76828, 74529, 59940, 77995, 3372, 66989, 57005, 80176, 15793, 66738, 70579, 11574, 33335, 19898, 61629, 53566, 10946, 10947, 59847, 59848, 37961, 3530, 70601, 10957, 63311, 76623, 29777, 3410, 10965, 74582, 54232, 64601, 48859, 5983, 59873, 59874, 60387, 30822, 67561, 65642, 43113, 62706, 10611, 62707, 9974, 11766, 63480, 6013]",DISTRIBOISSONS,MONTANER
29379377,"(47.5, -0.5833)","[77313, 18690, 20614, 3337, 63627, 71317, 66839, 48537, 3372, 66989, 66738, 11574, 33335, 15800, 19898, 61629, 10946, 10947, 59847, 59848, 37961, 10957, 3410, 10965, 54232, 5983, 59873, 59874, 43113, 54639, 15985, 62706, 62707, 11766, 9974, 6013]",DISTRIBOISSONS,Sarthe Anjou Boissons
29379894,"(50.3843, 1.8325)","[7519873, 20614, 3337, 18827, 71317, 16550, 3372, 66989, 57005, 80176, 66738, 11574, 15800, 19898, 10946, 10947, 59847, 59848, 63311, 3410, 10965, 45918, 5983, 59874, 54632, 11766, 9974, 6013]",C10,LAMBELIN  
29379896,"(45.7035, 3.1681)","[77313, 18690, 60036, 17028, 20614, 16519, 72328, 3337, 3338, 69265, 71316, 77589, 71317, 77721, 48537, 80417, 3372, 66989, 57005, 70572, 80176, 15793, 70579, 11574, 33335, 19898, 61629, 10946, 10947, 59847, 59848, 37961, 3530, 10957, 76623, 63311, 29777, 10965, 74583, 54232, 48859, 5983, 59873, 59874, 72548, 30822, 54632, 43113, 62706, 10611, 62707, 11766, 9974, 63480, 63481, 63482, 65660]",C10,AUDEBERT BOISSONS
29379901,"(42.6976, 2.8954)","[77313, 20614, 3337, 78355, 71316, 71317, 77589, 66839, 59286, 48537, 77721, 80417, 77995, 3372, 66989, 70572, 57005, 15793, 70579, 11574, 33335, 19898, 61629, 10946, 10947, 59847, 59848, 37961, 10957, 76623, 63311, 3410, 3411, 10965, 74583, 54232, 59873, 59874, 60387, 72548, 54632, 43113, 65642, 54639, 62706, 62707, 9974, 11766, 63481, 65660, 6013]",DISTRIBOISSONS,CASAS DISTRIBUTION
29379905,"(45.6084, 4.8102)","[77313, 18690, 17028, 20614, 3337, 3338, 71316, 71317, 77589, 77721, 77995, 3372, 66989, 70572, 15793, 66738, 70579, 11574, 19898, 61629, 10946, 10947, 59847, 59848, 10957, 76623, 54232, 59873, 59874, 60387, 54632, 43113, 62706, 10611, 62707, 11766, 9974, 6013]",C10,CAVES DU CENTRE
40001857,"(48.765, 2.3961)","[77313, 3337, 20527, 72434, 79923, 63445]",NATIONAL CUSTOMER,NICOLAS
29722953,"(48.7842, 1.9552)","[20614, 63627, 18827, 77589, 79894, 71317, 77721, 77995, 3372, 15793, 79923, 70579, 11574, 19898, 58941, 10946, 10947, 59847, 59848, 10957, 64590, 76623, 63311, 3410, 63445, 74582, 10965, 54232, 64601, 74583, 72548, 45416, 43113, 63466, 62706, 62707, 9974, 11766]",INDEPENDANTS,GDB
29379915,"(50.3026, 3.0435)","[77313, 17028, 20614, 16519, 3337, 3338, 63627, 75534, 71317, 59286, 66839, 77589, 77721, 48537, 64665, 63908, 16550, 77995, 3372, 66989, 57005, 15793, 66738, 11574, 33335, 19898, 39616, 10946, 10947, 59847, 59848, 37961, 3530, 10957, 63311, 76623, 29777, 3410, 70225, 10965, 54232, 48859, 66780, 5983, 59873, 59874, 60387, 72548, 30822, 43113, 67049, 62706, 62707, 9974, 11766, 9976, 65660, 6013]",C10,LAMPIN
29379916,"(50.9581, 1.8521)","[59874, 10946, 16550, 59848, 3337, 3372, 57005, 80176, 3410, 11574, 6013, 5983]",FRANCE BOISSONS,France BOISSONS
29378892,"(50.4, 1.6)","[77313, 18690, 20614, 16519, 3337, 3338, 18827, 71316, 77589, 77721, 74529, 16550, 3372, 57005, 66989, 80176, 15793, 66738, 11574, 19898, 61629, 10946, 59847, 70601, 10957, 3410, 10965, 5983, 59873, 59874, 30822, 62706, 10611, 62707, 9974, 11766, 9976, 6013]",DISTRIBOISSONS,AU COMPTOIR DU LITTORAL (Berck sur Mer)
29378895,"(50.838, 1.9284)","[77313, 20614, 3337, 3338, 63627, 75534, 69265, 78355, 78356, 71317, 77589, 71316, 48537, 77721, 80417, 77995, 3372, 66989, 57005, 70572, 80176, 15793, 70579, 63285, 11574, 33335, 19898, 61629, 10946, 10947, 59847, 59848, 37961, 70601, 10957, 29777, 3410, 70225, 10965, 74582, 74583, 54232, 48859, 5983, 59873, 59874, 30822, 54632, 78313, 43113, 62706, 62707, 9974, 11766, 65660, 6013]",DISTRIBOISSONS,SDFB
29378896,"(43.8455, 7.0926)","[77313, 18690, 3337, 3338, 71316, 71317, 59286, 77589, 66839, 77721, 77995, 3372, 57005, 70572, 15793, 70579, 11574, 19898, 10946, 10947, 59847, 59848, 37961, 10957, 76623, 63311, 67151, 3410, 9938, 10965, 54232, 59873, 59874, 60387, 43113, 67049, 54639, 15985, 62706, 10611, 62707, 9974, 11766, 65660]",C10,BONIFASSI
29431121,"(48.8164, 2.4937)","[77313, 20614, 63627, 77589, 71317, 59286, 77721, 3372, 66989, 15793, 79923, 11574, 19898, 61629, 53566, 10946, 10947, 59847, 59848, 70601, 10957, 64590, 76623, 63311, 3410, 10965, 63445, 74582, 54232, 64601, 48859, 59873, 59874, 60387, 72548, 54632, 67049, 43113, 45416, 54639, 15985, 62706, 62707, 61684, 9974, 61687, 11766, 6013]",INDEPENDANTS,UNIVERS DES BOISSONS ARTISANALES
29756769,"(46.8406, 3.4549)","[77313, 18690, 60036, 17028, 20614, 75909, 3337, 3338, 63627, 18827, 78355, 71316, 71317, 77589, 66839, 59286, 48537, 77721, 59940, 77995, 66989, 57005, 15793, 3507, 70579, 11574, 33335, 19898, 61629, 10946, 10947, 59847, 59848, 37961, 3530, 70601, 10957, 64590, 63311, 76623, 3411, 10965, 74582, 74583, 54232, 63445, 64601, 5983, 59873, 59874, 60387, 54632, 67049, 43113, 54639, 62706, 62707, 10611, 11766, 9974, 63480, 63481, 6013]",C10,CHR BOISSONS
29379437,"(47.6703, -2.9918)","[77313, 20614, 3337, 71316, 71317, 77589, 78356, 3372, 66989, 57005, 70572, 79923, 70579, 11574, 33335, 19898, 61629, 10946, 10947, 76611, 59847, 59848, 10957, 10958, 76623, 64590, 3410, 63445, 10965, 54232, 64601, 5983, 59873, 59874, 62706, 11766, 9974, 6013]",DISTRIBOISSONS,OUEST BOISSONS
29378933,"(43.7586, 7.3188)","[77313, 20614, 3337, 3338, 63627, 18827, 71316, 71317, 59286, 77589, 77721, 77995, 3372, 66989, 70572, 15793, 70579, 11574, 19898, 61629, 10946, 10947, 59847, 59848, 70601, 10957, 76623, 63311, 54232, 59873, 59874, 60387, 43113, 62706, 62707, 10611, 9974, 6013]",DISTRIBOISSONS,Maistre (Drap)
29595514,"(50.7518, 2.2405)","[77313, 78355, 78356, 80417, 59942, 33335, 3643, 37961, 64590, 29777, 64601, 30822, 74342, 43113, 15985, 65660, 17028, 60036, 20614, 16519, 72328, 63627, 69265, 71316, 71317, 64665, 40093, 16550, 77995, 57005, 66738, 61629, 10946, 10947, 72396, 10957, 10965, 48859, 66780, 62706, 62707, 9974, 18690, 3337, 3338, 77589, 66839, 3372, 80176, 11574, 53566, 63311, 3410, 3411, 74583, 5983, 72548, 54632, 54639, 10611, 3450, 6013, 18827, 15757, 48537, 77721, 63908, 21416, 70572, 66989, 15793, 3507, 70579, 15800, 19898, 59847, 59848, 70601, 3530, 54232, 6108, 59873, 59874, 60387, 67561, 67049, 11766, 63481]",C10,SODIBOISSONS
29801344,"('nan', 'nan')","[77313, 62474, 76623, 77589, 63285, 63445, 72414]",NATIONAL CUSTOMER,STEF Logistiques Restauration
29974413,"(49.2234, 3.9889)","[81408, 77313, 18690, 81410, 17028, 20614, 72328, 3337, 3338, 82315, 63627, 18827, 64272, 71316, 78356, 77589, 71317, 59286, 48537, 64665, 77721, 21416, 70572, 66989, 57005, 80176, 15793, 33335, 19898, 61629, 47934, 53566, 10946, 10947, 59847, 59848, 70601, 70605, 10957, 63311, 70225, 29777, 63445, 54232, 48859, 59873, 59874, 60387, 72548, 30822, 74342, 67049, 69490, 10611, 62707, 11766, 9974, 63480, 63482, 77311]",NATIONAL CUSTOMER,GEDIS NORD EST
29378966,"('nan', 'nan')","[77313, 18690, 17028, 20614, 3337, 3338, 63627, 9976, 69265, 71316, 71317, 77589, 59286, 66839, 48537, 77721, 76828, 59942, 77995, 3372, 57005, 66989, 70572, 80176, 15793, 66738, 3507, 79923, 70579, 11574, 33335, 19898, 61629, 53566, 10946, 10947, 59847, 59848, 70601, 3530, 37961, 10957, 64590, 63311, 76623, 29777, 3410, 9937, 3411, 10965, 74582, 63445, 62033, 15709, 5983, 59873, 59874, 60387, 30822, 43113, 63466, 54639, 62706, 10611, 62707, 53236, 9974, 11766, 63480, 63481, 6013]",DISTRIBOISSONS,LA ROCHELLE BOISSONS
29378967,"(45.8, -1.0333)","[77313, 18690, 17028, 58245, 20614, 3337, 3338, 63627, 71317, 59286, 48537, 3372, 57005, 66989, 80176, 66738, 79923, 11574, 33335, 15800, 19898, 61629, 10946, 10947, 59847, 59848, 10957, 9938, 3410, 63445, 10965, 5983, 59873, 59874, 60387, 30822, 54632, 10611, 9974, 11766, 6013]",DISTRIBOISSONS,LA ROCHELLE BOISSONS
29563809,"(48.7333, 1.3667)","[77313, 17028, 20614, 3337, 3338, 63627, 71316, 71317, 77589, 66839, 59286, 77721, 48537, 76828, 74529, 77995, 3372, 66989, 70572, 80176, 15793, 70579, 11574, 33335, 19898, 61629, 47934, 10946, 10947, 59847, 59848, 37961, 10957, 76623, 63311, 3410, 10965, 63445, 74583, 54232, 66780, 60387, 54632, 43113, 54639, 62706, 10611, 62707, 9974, 11766, 6013]",C10,OBD   
29563814,"('nan', 'nan')","[77313, 18690, 17028, 20614, 72328, 3337, 3338, 63627, 18827, 75534, 71317, 59286, 66839, 77589, 48537, 77721, 64665, 77995, 3372, 66989, 57005, 70572, 80176, 15793, 66738, 70579, 11574, 33335, 19898, 61629, 53566, 39616, 10946, 10947, 59847, 59848, 70601, 3530, 10957, 10958, 76623, 62033, 3410, 10965, 74582, 74583, 63445, 54232, 64601, 66780, 5983, 59873, 59874, 60387, 72548, 30822, 54632, 43113, 54639, 15985, 62706, 10611, 62707, 53236, 11766, 9974, 63480, 63481, 3450, 6013]",C10,CHIFFOLEAU
29563817,"(44.7544, -0.5313)","[77313, 46093, 79894, 76828, 59942, 79923, 33335, 37961, 64590, 77393, 64601, 30822, 43113, 65642, 15985, 17028, 20614, 63627, 71316, 71317, 76952, 64665, 40093, 77995, 57005, 66738, 61629, 10946, 10947, 72396, 10957, 10958, 9937, 9938, 10965, 66780, 62706, 62707, 9974, 18690, 3337, 3338, 75534, 77589, 50453, 66839, 74529, 3372, 80176, 11574, 47934, 53566, 63311, 76623, 3410, 74582, 74583, 5983, 72548, 54632, 54639, 10611, 6013, 59286, 48537, 77721, 63908, 21416, 66989, 15793, 3507, 19898, 59847, 59848, 70601, 3530, 63445, 54232, 59873, 59874, 67561, 63466, 11766, 63480, 63481]",C10,LE BIHAN
29563820,"(43.4801, -1.5556)","[77313, 18690, 58245, 20614, 3337, 3338, 63627, 18827, 69265, 71316, 71317, 59286, 77589, 77721, 76828, 80417, 21416, 77995, 3372, 66989, 57005, 80176, 15793, 66738, 70579, 11574, 33335, 19898, 61629, 10946, 10947, 70601, 72396, 70605, 10957, 76623, 63311, 3410, 10965, 74582, 74583, 63445, 54232, 66780, 59873, 59874, 60387, 72548, 30822, 54632, 67561, 43113, 62706, 62707, 11766, 9974, 65660, 6013]",C10,DUPRAT
29378992,"(43.1228, 6.0075)","[77313, 18690, 60036, 17028, 20614, 58245, 72328, 3337, 3338, 18827, 63627, 64272, 69265, 71316, 71317, 77589, 78356, 59286, 48537, 66839, 77721, 80417, 21416, 77995, 3372, 66989, 57005, 70572, 15793, 62770, 70579, 11574, 33335, 15800, 80125, 19898, 61629, 53566, 10946, 10947, 59848, 70601, 3530, 37961, 72396, 10957, 76623, 63311, 70225, 3410, 3411, 10965, 63445, 54232, 48859, 66780, 59873, 59874, 60387, 72548, 30822, 54632, 67049, 43113, 54639, 62706, 62707, 10611, 11766, 9974, 63480, 63481, 65660, 6013]",C10,DISTRIBUTION vins boissons (La Garde)
29563827,"(43.3833, -0.2833)","[77313, 20614, 3337, 3338, 63627, 18827, 69265, 71316, 71317, 77589, 66839, 59286, 77721, 48537, 76952, 76828, 80417, 74529, 21416, 77995, 3372, 66989, 57005, 70572, 80176, 15793, 66738, 70579, 11574, 19898, 61629, 10946, 10947, 37961, 10957, 63311, 76623, 9937, 3410, 3411, 29777, 63445, 74582, 74583, 10965, 54232, 48859, 66780, 59873, 59874, 60387, 72548, 30822, 54632, 67561, 43113, 54639, 62706, 10611, 62707, 11766, 9974, 65660]",C10,PYRENEES BOISSONS
29563830,"(44.3601, 2.5051)","[77313, 60036, 17028, 20614, 3337, 3338, 63627, 75534, 71316, 71317, 77589, 66839, 48537, 77721, 64665, 16550, 21416, 3372, 57005, 66989, 70572, 80176, 15793, 66738, 62770, 70579, 11574, 33335, 19898, 61629, 10946, 10947, 59847, 59848, 37961, 10957, 76623, 63311, 29777, 3411, 10965, 63445, 54232, 48859, 66780, 5983, 59873, 59874, 60387, 30822, 54632, 67561, 43113, 54639, 15985, 62706, 10611, 62707, 11766, 9974, 63480, 6013]",C10,MESPOULET
29563832,"(43.6043, 1.4437)","[77313, 18690, 60036, 17028, 20614, 58245, 3337, 3338, 63627, 71316, 71317, 77589, 66839, 59286, 48537, 77721, 76828, 59942, 3372, 57005, 66989, 80176, 15793, 53425, 79923, 70579, 11574, 33335, 15800, 19898, 61629, 53566, 39616, 10946, 10947, 59847, 59848, 70601, 37961, 3530, 72396, 10957, 10958, 76623, 63311, 64590, 3410, 63445, 10965, 74583, 54232, 64601, 74582, 48859, 59873, 59874, 60387, 72548, 30822, 54632, 43113, 54639, 15985, 62706, 10611, 62707, 9974, 11766, 63481, 6013]",C10,SOBCAL
29563833,"(47.9333, -4.15)","[77313, 18690, 60036, 20614, 3337, 3338, 63627, 69265, 71316, 71317, 77589, 76952, 77721, 80417, 77995, 3372, 57005, 66989, 80176, 15793, 66738, 79923, 11574, 33335, 15800, 19898, 61629, 58941, 10946, 10947, 59848, 70601, 3530, 10957, 10958, 76623, 29777, 3410, 3411, 10965, 63445, 74583, 54232, 64601, 66780, 5983, 59873, 59874, 60387, 72548, 30822, 54632, 43113, 62706, 10611, 9974, 11766, 65660, 6013]",C10,COZIGOU  
29563834,"(47.8546, -2.8348)","[77313, 59941, 59942, 79923, 33335, 37961, 64590, 29777, 62033, 64601, 30822, 65642, 15985, 65660, 17028, 60036, 20614, 63627, 71316, 71317, 64665, 57005, 66738, 61629, 10946, 10947, 10957, 10958, 10965, 48859, 66780, 62706, 62707, 9974, 18690, 3337, 75534, 77589, 66839, 3372, 80176, 62770, 11574, 53566, 47934, 63311, 76623, 3410, 5983, 54632, 54639, 10611, 6013, 58245, 18827, 59286, 48537, 77721, 21416, 70572, 66989, 15793, 70579, 19898, 59847, 59848, 70601, 3530, 54232, 59874, 60387, 67561, 67049, 63466, 53236, 11766, 63480, 63481]",C10,COZIGOU  
29379001,"(49.5028, 0.3603)","[77313, 18690, 17028, 20614, 3337, 3338, 63627, 75534, 71316, 71317, 59286, 66839, 77589, 48537, 64665, 40093, 3372, 57005, 66989, 80176, 70579, 3507, 11574, 33335, 19898, 61629, 53566, 10946, 10947, 59847, 59848, 70601, 3530, 37961, 10957, 64590, 76623, 63311, 67151, 3410, 3411, 63445, 10965, 54232, 66780, 15710, 5983, 59873, 59874, 60387, 30822, 54632, 43113, 63466, 54639, 15985, 62706, 10611, 62707, 11766, 9974, 63480, 63481, 6013]",DISTRIBOISSONS,PROXI BOISSONS GRAU
29563836,"(47.65, -2.0833)","[77313, 18690, 17028, 58245, 20614, 3337, 3338, 63627, 18827, 69265, 71316, 71317, 77589, 66839, 48537, 77721, 21416, 77995, 3372, 57005, 66989, 70572, 80176, 15793, 66738, 70579, 11574, 33335, 19898, 61629, 53566, 39616, 10946, 10947, 59847, 59848, 70601, 37961, 10957, 63311, 76623, 29777, 3410, 10965, 63445, 54232, 64601, 66780, 72413, 5983, 59873, 59874, 60387, 72548, 30822, 67049, 63466, 54639, 62706, 10611, 62707, 9974, 11766, 63480, 63481, 65660, 6013]",C10,BARRE
29563837,"('nan', 'nan')","[77313, 78355, 78356, 80417, 33335, 37961, 29777, 30822, 43113, 65642, 65660, 60036, 17028, 20614, 16519, 63627, 69265, 71316, 71317, 66719, 16550, 77995, 57005, 66738, 61629, 39616, 10946, 10947, 72396, 10957, 10965, 48859, 66780, 62706, 62707, 9974, 9976, 3337, 3338, 75534, 77589, 66839, 3372, 80176, 11574, 53566, 63311, 76623, 3410, 3411, 5983, 72548, 54632, 54639, 6013, 18827, 77721, 63908, 70572, 66989, 15793, 70579, 19898, 59847, 59848, 70601, 3530, 70605, 54232, 73181, 59873, 59874, 60387, 67049, 67561, 11766, 63481, 77311]",C10,SODIBOISSONS
29379002,"(48.5741, 2.5829)","[77313, 20614, 3337, 63627, 18827, 71316, 71317, 66839, 48537, 77721, 77995, 3372, 15793, 11574, 19898, 61629, 10946, 10947, 59847, 59848, 70601, 10957, 76623, 3410, 10965, 54232, 64601, 5983, 59873, 59874, 43113, 62706, 62707, 9974, 6013]",C10,CHIFFOLEAU
29996995,"(43.0167, -0.1167)","[10946, 10947, 59848, 3372, 3410, 10611, 3411, 10965, 9974, 11574, 11766, 48537]",C10,ETS VIGNAU ET FILS
29996996,"(46.601, -1.7554)","[77313, 3372, 3410, 71317, 11574, 9974, 6013]",DISTRIBOISSONS,LA ROCHELLE BOISSONS
29379015,"(48.1679, 6.6505)","[17028, 20614, 3337, 3338, 66839, 48537, 3372, 66989, 80176, 66738, 11574, 33335, 19898, 61629, 53566, 10946, 10947, 59847, 59848, 3530, 10957, 76623, 10965, 10611, 11766, 9974, 63480, 63481, 6013]",C10,REGA
29606863,"(50.6455, 2.9619)","[77313, 18690, 17028, 58245, 20614, 16519, 3337, 3338, 63627, 18827, 71317, 77589, 66839, 48537, 59940, 16550, 3372, 66989, 57005, 80176, 70579, 11574, 33335, 19898, 55357, 10946, 10947, 59847, 59848, 37961, 10957, 63311, 76623, 29777, 3410, 10965, 54232, 48859, 6108, 66780, 5983, 59873, 59874, 72548, 43113, 54639, 62706, 10611, 62707, 61685, 9974, 6013]",FRANCE BOISSONS,France BOISSONS
29379537,"(43.6646, 7.1534)","[77313, 3337, 3338, 63627, 18827, 71317, 77589, 3372, 66738, 11574, 15800, 19898, 10946, 10947, 59848, 10957, 10958, 76623, 3410, 10965, 59873, 59874, 54632, 43113, 62706, 62707, 11766, 9974, 65660, 6013]",DISTRIBOISSONS,MONTANER
29379538,"(44.501, 4.4841)","[77313, 18690, 60036, 20614, 3337, 3338, 78356, 71317, 77589, 66839, 48537, 64665, 77721, 3372, 57005, 66989, 70572, 80176, 15793, 70579, 11574, 33335, 19898, 61629, 10946, 10947, 59848, 10957, 76623, 63311, 9937, 3410, 10965, 74582, 48859, 59873, 59874, 30822, 54632, 43113, 54639, 62706, 10611, 62707, 11766, 9974, 65660, 6013]",C10,BOISSONS SOFABO SA
29537235,"(43.3445, 5.38)","[77313, 20614, 3337, 3338, 63627, 71316, 71317, 77589, 66839, 77721, 80417, 77995, 3372, 57005, 66989, 15793, 66738, 11574, 19898, 61629, 10946, 10947, 59847, 59848, 10957, 76623, 63311, 3410, 10965, 54232, 66780, 5983, 59873, 59874, 72548, 30822, 43113, 54639, 62706, 10611, 9974, 11766, 65660, 6013]",C10,ROSSI
29425623,"(48.0973, 2.3173)","[77313, 18690, 60036, 20614, 72328, 3337, 71317, 48537, 66989, 11574, 33335, 19898, 61629, 10946, 10947, 59847, 59848, 70601, 3530, 10957, 76623, 63311, 3410, 10965, 54232, 30822, 54632, 10611, 62707, 11766, 9974, 65660]",C10,OBD   
29379556,"(49.1816, -0.2839)","[77313, 18690, 17028, 60036, 20614, 72328, 3337, 3338, 63627, 75534, 71316, 71317, 77589, 66839, 48537, 77721, 64665, 63908, 3372, 66989, 57005, 80176, 15793, 79923, 65716, 11574, 33335, 19898, 61629, 53566, 39616, 10946, 10947, 76611, 59847, 59848, 70601, 3530, 37961, 10957, 64590, 76623, 63311, 3410, 3411, 10965, 74582, 63445, 54232, 64601, 74583, 66780, 5983, 59873, 59874, 60387, 72548, 54632, 43113, 67561, 67049, 54639, 15985, 62706, 10611, 62707, 61685, 11766, 9974, 63480, 63481, 6013]",DISTRIBOISSONS,PROXI BOISSONS GRAU
29833190,"(42.4678, 9.3896)","[77313, 77589, 76623]",DISTRIBOISSONS,SAS GROUPEMENT BOISSONS DE CORSE
29379566,"(45.8601, 6.369)","[77313, 17028, 20614, 3337, 18827, 71317, 77589, 66839, 3372, 66989, 70572, 79923, 70579, 11574, 33335, 19898, 61629, 10946, 10947, 59847, 59848, 3530, 3410, 10965, 63445, 54232, 64601, 59873, 59874, 60387, 72548, 62706, 62707, 10611, 11766, 9974]",C10,CAVES DU MONT
29379058,"(48.5166, 7.6467)","[77313, 59874, 59873, 72548, 59847, 59848, 3337, 3338, 43113, 10957, 76623, 3410, 77589, 9974, 71317, 54232, 60505]",FRANCE BOISSONS,France BOISSONS
29379067,"(48.028, 7.5004)","[77313, 18690, 20614, 72328, 3337, 3338, 63627, 71316, 78356, 71317, 77589, 48537, 70572, 66989, 70579, 11574, 33335, 19898, 61629, 53566, 10946, 10947, 59847, 59848, 70601, 3530, 37961, 76623, 63311, 9937, 3410, 10965, 54232, 59874, 43113, 62706, 10611, 62707, 61685, 11766, 9974, 63480, 63481, 63482]",C10,ABEDIS
